date,new_postings_SA,new_postings_NSA
2020-02-01,100.0,100.0
2020-02-02,100.29,100.6
2020-02-03,100.6,101.27
2020-02-04,100.39,101.39
2020-02-05,100.39,101.66
2020-02-06,100.43,102.11
2020-02-07,99.86,102.94
2020-02-08,100.19,104.89
2020-02-09,100.5,106.13
2020-02-10,101.04,107.46
2020-02-11,101.8,108.98
2020-02-12,102.67,110.49
2020-02-13,103.44,111.78
2020-02-14,104.63,112.67
2020-02-15,104.51,111.17
2020-02-16,104.55,110.03
2020-02-17,104.55,108.65
2020-02-18,104.05,106.63
2020-02-19,103.24,104.25
2020-02-20,102.65,102.1
2020-02-21,102.63,100.4
2020-02-22,102.62,99.89
2020-02-23,102.42,99.37
2020-02-24,101.93,98.86
2020-02-25,102.39,99.57
2020-02-26,102.91,100.53
2020-02-27,103.19,101.35
2020-02-28,103.03,102.01
2020-02-29,103.6,103.02
2020-03-01,104.08,104.16
2020-03-02,104.46,105.77
2020-03-03,104.04,106.6
2020-03-04,103.58,107.47
2020-03-05,103.05,108.53
2020-03-06,102.5,109.61
2020-03-07,100.65,110.19
2020-03-08,99.48,111.51
2020-03-09,98.7,112.06
2020-03-10,98.28,112.62
2020-03-11,98.0,113.21
2020-03-12,97.86,113.48
2020-03-13,97.29,113.2
2020-03-14,97.4,112.82
2020-03-15,96.15,110.15
2020-03-16,95.05,107.9
2020-03-17,92.18,104.16
2020-03-18,88.16,99.19
2020-03-19,83.45,93.67
2020-03-20,78.45,87.84
2020-03-21,73.58,81.82
2020-03-22,69.58,77.47
2020-03-23,64.91,72.69
2020-03-24,62.39,69.62
2020-03-25,60.53,67.34
2020-03-26,59.14,65.47
2020-03-27,57.64,63.52
2020-03-28,55.89,61.75
2020-03-29,54.01,59.55
2020-03-30,52.59,57.73
2020-03-31,50.54,55.51
2020-04-01,48.29,53.33
2020-04-02,46.02,51.71
2020-04-03,44.58,50.84
2020-04-04,42.94,49.76
2020-04-05,40.86,48.59
2020-04-06,38.7,47.71
2020-04-07,36.49,47.05
2020-04-08,35.97,48.01
2020-04-09,36.2,48.54
2020-04-10,36.88,49.44
2020-04-11,38.56,50.85
2020-04-12,40.67,52.32
2020-04-13,42.91,53.57
2020-04-14,45.26,54.74
2020-04-15,46.09,53.52
2020-04-16,46.3,52.52
2020-04-17,45.92,51.26
2020-04-18,45.41,50.31
2020-04-19,44.95,49.33
2020-04-20,44.34,48.4
2020-04-21,44.0,47.77
2020-04-22,44.31,48.37
2020-04-23,44.92,49.0
2020-04-24,45.83,49.62
2020-04-25,46.47,50.05
2020-04-26,46.92,50.63
2020-04-27,47.61,51.22
2020-04-28,48.08,51.6
2020-04-29,48.84,52.05
2020-04-30,49.62,52.55
2020-05-01,50.34,53.31
2020-05-02,51.05,54.54
2020-05-03,51.81,55.68
2020-05-04,52.31,56.81
2020-05-05,53.06,58.23
2020-05-06,53.8,60.04
2020-05-07,53.54,61.71
2020-05-08,54.11,64.22
2020-05-09,54.8,65.8
2020-05-10,55.65,67.32
2020-05-11,56.41,68.56
2020-05-12,57.2,69.62
2020-05-13,57.72,70.09
2020-05-14,60.0,71.46
2020-05-15,61.46,71.02
2020-05-16,62.68,70.91
2020-05-17,63.67,70.73
2020-05-18,64.85,70.69
2020-05-19,65.61,70.44
2020-05-20,65.77,69.86
2020-05-21,65.08,68.56
2020-05-22,64.33,68.18
2020-05-23,64.11,67.82
2020-05-24,63.91,67.5
2020-05-25,63.62,67.2
2020-05-26,62.45,65.83
2020-05-27,61.98,64.79
2020-05-28,62.19,63.83
2020-05-29,63.72,62.74
2020-05-30,64.06,60.28
2020-05-31,66.37,59.72
2020-06-01,68.14,59.25
2020-06-02,72.15,61.5
2020-06-03,76.26,63.94
2020-06-04,78.96,66.49
2020-06-05,79.79,69.16
2020-06-06,81.04,73.4
2020-06-07,79.36,75.8
2020-06-08,79.32,79.11
2020-06-09,78.23,80.65
2020-06-10,77.05,82.0
2020-06-11,76.5,83.16
2020-06-12,76.76,84.29
2020-06-13,77.54,85.88
2020-06-14,79.69,87.62
2020-06-15,80.52,87.36
2020-06-16,81.54,87.39
2020-06-17,82.36,87.47
2020-06-18,83.43,87.55
2020-06-19,83.66,87.08
2020-06-20,84.06,86.2
2020-06-21,84.32,85.25
2020-06-22,84.85,85.31
2020-06-23,84.89,85.04
2020-06-24,85.41,84.77
2020-06-25,85.73,84.41
2020-06-26,86.47,84.39
2020-06-27,86.94,84.31
2020-06-28,87.28,84.2
2020-06-29,87.73,84.23
2020-06-30,88.45,84.56
2020-07-01,88.21,84.77
2020-07-02,88.17,85.58
2020-07-03,88.18,86.48
2020-07-04,86.69,86.17
2020-07-05,87.87,85.7
2020-07-06,89.26,85.01
2020-07-07,89.33,84.2
2020-07-08,90.78,84.51
2020-07-09,92.32,83.87
2020-07-10,94.21,83.39
2020-07-11,97.84,85.41
2020-07-12,97.66,88.01
2020-07-13,96.47,90.71
2020-07-14,96.94,93.79
2020-07-15,96.56,94.76
2020-07-16,95.78,96.08
2020-07-17,94.47,97.26
2020-07-18,92.65,97.01
2020-07-19,92.0,96.29
2020-07-20,92.04,95.64
2020-07-21,91.75,94.89
2020-07-22,91.68,95.51
2020-07-23,91.69,96.08
2020-07-24,92.52,96.74
2020-07-25,93.57,97.61
2020-07-26,94.81,98.55
2020-07-27,96.1,99.42
2020-07-28,97.02,99.84
2020-07-29,97.41,99.74
2020-07-30,97.48,99.58
2020-07-31,97.1,99.12
2020-08-01,96.37,98.44
2020-08-02,94.89,97.92
2020-08-03,93.26,97.35
2020-08-04,91.88,97.02
2020-08-05,90.6,96.9
2020-08-06,89.63,96.88
2020-08-07,88.26,97.08
2020-08-08,87.82,98.44
2020-08-09,88.15,99.4
2020-08-10,88.63,100.36
2020-08-11,89.18,101.37
2020-08-12,89.67,102.02
2020-08-13,89.78,102.48
2020-08-14,90.62,103.39
2020-08-15,90.57,102.14
2020-08-16,90.72,101.46
2020-08-17,90.64,100.77
2020-08-18,90.62,100.02
2020-08-19,91.04,99.76
2020-08-20,91.99,99.81
2020-08-21,92.49,99.24
2020-08-22,93.23,99.83
2020-08-23,93.56,99.96
2020-08-24,93.92,100.03
2020-08-25,94.39,100.27
2020-08-26,94.48,100.19
2020-08-27,94.35,99.95
2020-08-28,94.33,99.81
2020-08-29,94.63,99.83
2020-08-30,95.2,100.03
2020-08-31,96.13,100.35
2020-09-01,96.42,100.31
2020-09-02,97.03,101.02
2020-09-03,97.5,101.85
2020-09-04,98.93,102.73
2020-09-05,100.9,103.36
2020-09-06,102.67,103.98
2020-09-07,103.39,104.66
2020-09-08,103.77,104.73
2020-09-09,103.81,103.59
2020-09-10,104.26,102.68
2020-09-11,103.1,101.91
2020-09-12,101.44,101.44
2020-09-13,98.17,100.84
2020-09-14,95.43,100.21
2020-09-15,95.46,101.26
2020-09-16,96.04,103.15
2020-09-17,96.24,104.6
2020-09-18,96.77,105.61
2020-09-19,97.03,106.15
2020-09-20,98.94,106.83
2020-09-21,100.99,107.41
2020-09-22,100.8,107.09
2020-09-23,100.2,106.44
2020-09-24,100.01,105.98
2020-09-25,100.51,106.21
2020-09-26,101.21,106.83
2020-09-27,101.76,107.23
2020-09-28,102.55,107.66
2020-09-29,103.52,107.89
2020-09-30,104.57,108.04
2020-10-01,104.91,108.11
2020-10-02,104.65,107.89
2020-10-03,104.44,107.81
2020-10-04,104.2,107.96
2020-10-05,103.66,108.15
2020-10-06,103.33,108.74
2020-10-07,102.56,109.63
2020-10-08,103.37,111.84
2020-10-09,104.34,113.44
2020-10-10,105.1,114.57
2020-10-11,105.98,115.69
2020-10-12,107.24,116.74
2020-10-13,108.02,117.28
2020-10-14,109.08,117.66
2020-10-15,108.63,115.44
2020-10-16,108.73,114.11
2020-10-17,108.45,112.79
2020-10-18,108.08,111.48
2020-10-19,107.45,110.05
2020-10-20,107.38,109.09
2020-10-21,107.39,108.24
2020-10-22,107.97,108.78
2020-10-23,107.46,108.35
2020-10-24,107.5,108.15
2020-10-25,107.79,108.07
2020-10-26,108.24,108.18
2020-10-27,108.63,108.28
2020-10-28,108.96,108.25
2020-10-29,109.15,108.13
2020-10-30,109.82,108.4
2020-10-31,110.2,108.46
2020-11-01,110.22,108.21
2020-11-02,110.09,108.33
2020-11-03,109.77,108.49
2020-11-04,109.11,108.58
2020-11-05,108.15,108.45
2020-11-06,107.45,108.77
2020-11-07,106.42,109.55
2020-11-08,106.29,111.38
2020-11-09,106.28,112.4
2020-11-10,106.04,112.79
2020-11-11,106.45,113.48
2020-11-12,107.49,114.72
2020-11-13,108.32,115.48
2020-11-14,109.12,115.28
2020-11-15,109.42,113.51
2020-11-16,109.8,112.17
2020-11-17,110.33,111.28
2020-11-18,110.65,110.23
2020-11-19,110.64,109.08
2020-11-20,110.68,108.14
2020-11-21,111.13,107.84
2020-11-22,111.58,108.22
2020-11-23,112.26,108.55
2020-11-24,113.04,108.55
2020-11-25,113.36,108.09
2020-11-26,115.14,106.59
2020-11-27,114.95,103.04
2020-11-28,115.94,97.53
2020-11-29,116.16,91.85
2020-11-30,115.78,86.02
2020-12-01,114.69,80.63
2020-12-02,113.84,76.42
2020-12-03,108.01,73.48
2020-12-04,105.2,74.4
2020-12-05,102.62,78.79
2020-12-06,101.9,83.56
2020-12-07,99.75,88.55
2020-12-08,99.03,94.17
2020-12-09,99.07,98.98
2020-12-10,102.85,103.36
2020-12-11,105.66,105.92
2020-12-12,107.03,106.81
2020-12-13,107.19,107.43
2020-12-14,109.07,107.89
2020-12-15,109.99,106.45
2020-12-16,110.33,104.9
2020-12-17,110.08,103.24
2020-12-18,109.93,101.76
2020-12-19,109.73,100.1
2020-12-20,109.73,98.58
2020-12-21,109.77,97.24
2020-12-22,110.22,97.26
2020-12-23,110.72,97.11
2020-12-24,111.94,96.66
2020-12-25,112.64,94.42
2020-12-26,113.42,90.68
2020-12-27,114.39,86.32
2020-12-28,115.54,81.79
2020-12-29,116.45,76.38
2020-12-30,117.17,71.33
2020-12-31,117.48,66.61
2021-01-01,116.82,64.32
2021-01-02,117.4,64.71
2021-01-03,115.13,65.64
2021-01-04,111.7,66.94
2021-01-05,109.03,70.14
2021-01-06,107.36,74.54
2021-01-07,105.7,80.65
2021-01-08,107.12,88.94
2021-01-09,108.03,97.92
2021-01-10,111.42,107.57
2021-01-11,115.68,117.09
2021-01-12,118.42,124.35
2021-01-13,120.0,130.03
2021-01-14,121.58,133.83
2021-01-15,121.55,134.01
2021-01-16,121.28,132.52
2021-01-17,120.73,130.13
2021-01-18,120.41,127.54
2021-01-19,120.53,125.31
2021-01-20,120.74,123.3
2021-01-21,121.06,121.43
2021-01-22,120.68,119.48
2021-01-23,119.67,117.64
2021-01-24,119.19,116.36
2021-01-25,118.28,115.15
2021-01-26,118.44,115.4
2021-01-27,119.07,116.15
2021-01-28,119.97,117.44
2021-01-29,121.15,119.26
2021-01-30,122.38,120.88
2021-01-31,123.58,122.35
2021-02-01,124.79,123.86
2021-02-02,125.18,124.83
2021-02-03,125.2,125.58
2021-02-04,125.0,126.13
2021-02-05,125.32,127.15
2021-02-06,125.72,128.38
2021-02-07,125.07,129.73
2021-02-08,125.03,131.76
2021-02-09,125.38,133.02
2021-02-10,125.85,134.17
2021-02-11,126.12,135.0
2021-02-12,126.01,135.4
2021-02-13,125.89,135.72
2021-02-14,126.65,135.89
2021-02-15,127.71,135.07
2021-02-16,127.83,133.81
2021-02-17,127.59,132.19
2021-02-18,127.32,130.37
2021-02-19,127.09,128.44
2021-02-20,126.75,126.33
2021-02-21,126.47,124.17
2021-02-22,124.7,121.78
2021-02-23,124.17,121.01
2021-02-24,124.62,121.2
2021-02-25,125.37,122.05
2021-02-26,126.14,123.19
2021-02-27,127.1,124.65
2021-02-28,127.95,126.25
2021-03-01,129.11,128.25
2021-03-02,130.02,130.65
2021-03-03,130.55,132.99
2021-03-04,130.91,135.21
2021-03-05,131.58,137.88
2021-03-06,132.02,140.36
2021-03-07,131.81,143.14
2021-03-08,132.71,146.82
2021-03-09,133.26,148.54
2021-03-10,133.31,149.41
2021-03-11,133.34,150.05
2021-03-12,133.34,150.33
2021-03-13,133.76,150.95
2021-03-14,134.7,151.13
2021-03-15,135.3,149.97
2021-03-16,135.97,149.39
2021-03-17,136.86,149.52
2021-03-18,137.87,149.65
2021-03-19,138.78,149.69
2021-03-20,139.86,149.84
2021-03-21,141.64,150.34
2021-03-22,142.31,150.63
2021-03-23,144.15,152.44
2021-03-24,146.72,154.22
2021-03-25,148.24,155.17
2021-03-26,149.9,156.29
2021-03-27,151.23,157.12
2021-03-28,151.66,157.43
2021-03-29,152.93,158.36
2021-03-30,152.62,157.55
2021-03-31,151.56,156.37
2021-04-01,150.62,155.75
2021-04-02,149.64,155.68
2021-04-03,148.76,155.44
2021-04-04,148.11,155.47
2021-04-05,147.17,155.55
2021-04-06,146.11,155.89
2021-04-07,144.78,156.56
2021-04-08,145.12,158.58
2021-04-09,146.24,159.85
2021-04-10,147.61,161.49
2021-04-11,149.23,163.06
2021-04-12,151.36,164.94
2021-04-13,154.61,167.68
2021-04-14,158.51,170.44
2021-04-15,161.64,171.44
2021-04-16,163.59,172.16
2021-04-17,164.99,172.72
2021-04-18,166.25,173.29
2021-04-19,167.45,173.59
2021-04-20,167.21,172.55
2021-04-21,166.66,171.33
2021-04-22,165.59,170.27
2021-04-23,164.69,169.39
2021-04-24,164.09,168.27
2021-04-25,163.19,167.05
2021-04-26,161.78,165.78
2021-04-27,160.88,164.79
2021-04-28,159.84,163.64
2021-04-29,159.84,163.32
2021-04-30,159.86,162.92
2021-05-01,159.4,162.72
2021-05-02,159.13,163.28
2021-05-03,159.23,164.05
2021-05-04,159.7,165.49
2021-05-05,160.3,167.08
2021-05-06,160.36,168.53
2021-05-07,159.39,170.2
2021-05-08,160.03,173.06
2021-05-09,160.66,174.42
2021-05-10,161.4,175.55
2021-05-11,161.75,176.03
2021-05-12,162.22,176.49
2021-05-13,162.84,176.96
2021-05-14,164.46,177.16
2021-05-15,164.92,175.23
2021-05-16,164.49,173.26
2021-05-17,164.49,172.09
2021-05-18,164.67,171.06
2021-05-19,164.19,169.49
2021-05-20,163.59,167.99
2021-05-21,163.12,166.72
2021-05-22,161.49,165.49
2021-05-23,161.34,165.36
2021-05-24,160.49,164.26
2021-05-25,159.62,163.28
2021-05-26,159.47,162.92
2021-05-27,159.69,162.56
2021-05-28,160.56,162.06
2021-05-29,163.51,162.21
2021-05-30,166.36,161.98
2021-05-31,169.2,161.89
2021-06-01,168.16,158.78
2021-06-02,166.81,155.93
2021-06-03,165.35,153.14
2021-06-04,162.53,150.78
2021-06-05,158.52,149.18
2021-06-06,153.74,147.85
2021-06-07,148.29,146.94
2021-06-08,150.62,152.94
2021-06-09,153.21,158.03
2021-06-10,155.43,162.51
2021-06-11,158.35,166.71
2021-06-12,161.08,170.02
2021-06-13,163.78,173.35
2021-06-14,167.33,176.22
2021-06-15,166.85,174.17
2021-06-16,166.29,172.47
2021-06-17,166.26,171.79
2021-06-18,166.09,170.76
2021-06-19,166.02,169.97
2021-06-20,166.53,169.04
2021-06-21,167.1,168.27
2021-06-22,168.4,169.08
2021-06-23,169.65,170.05
2021-06-24,170.14,170.01
2021-06-25,170.45,170.05
2021-06-26,170.61,170.13
2021-06-27,170.26,169.64
2021-06-28,169.69,169.07
2021-06-29,168.39,168.08
2021-06-30,166.91,166.84
2021-07-01,165.43,165.6
2021-07-02,164.57,165.41
2021-07-03,164.0,165.39
2021-07-04,163.11,165.75
2021-07-05,165.06,166.1
2021-07-06,165.27,163.97
2021-07-07,164.01,161.57
2021-07-08,164.1,160.68
2021-07-09,164.54,158.59
2021-07-10,165.41,156.65
2021-07-11,165.94,155.01
2021-07-12,162.38,153.8
2021-07-13,163.14,158.15
2021-07-14,165.71,162.98
2021-07-15,167.77,165.97
2021-07-16,168.78,169.0
2021-07-17,169.53,172.37
2021-07-18,171.18,175.72
2021-07-19,174.03,178.53
2021-07-20,173.97,177.7
2021-07-21,173.13,176.34
2021-07-22,171.25,175.17
2021-07-23,169.93,174.46
2021-07-24,168.39,172.49
2021-07-25,166.89,170.55
2021-07-26,165.79,168.94
2021-07-27,165.18,167.77
2021-07-28,165.1,167.07
2021-07-29,165.15,166.57
2021-07-30,164.6,165.66
2021-07-31,164.7,165.79
2021-08-01,164.25,165.72
2021-08-02,163.51,166.34
2021-08-03,162.97,167.36
2021-08-04,162.59,168.52
2021-08-05,162.28,169.93
2021-08-06,162.41,171.51
2021-08-07,161.21,172.45
2021-08-08,161.45,174.75
2021-08-09,161.74,175.45
2021-08-10,161.91,175.75
2021-08-11,162.33,176.21
2021-08-12,163.22,176.94
2021-08-13,163.7,177.57
2021-08-14,165.27,178.78
2021-08-15,165.6,177.49
2021-08-16,165.92,176.88
2021-08-17,166.67,177.14
2021-08-18,166.86,176.72
2021-08-19,166.5,175.64
2021-08-20,166.72,174.83
2021-08-21,167.99,174.89
2021-08-22,169.43,176.23
2021-08-23,170.96,177.67
2021-08-24,171.02,177.24
2021-08-25,171.94,177.75
2021-08-26,173.04,178.6
2021-08-27,172.74,178.18
2021-08-28,171.07,176.38
2021-08-29,169.79,174.74
2021-08-30,168.54,172.98
2021-08-31,168.13,172.01
2021-09-01,166.36,170.19
2021-09-02,165.01,169.29
2021-09-03,164.57,169.6
2021-09-04,165.29,170.18
2021-09-05,167.14,171.14
2021-09-06,168.75,172.04
2021-09-07,166.59,170.29
2021-09-08,165.9,169.45
2021-09-09,164.82,166.92
2021-09-10,164.04,164.49
2021-09-11,161.82,162.31
2021-09-12,158.47,159.77
2021-09-13,153.86,157.61
2021-09-14,155.98,161.53
2021-09-15,157.83,164.01
2021-09-16,159.61,167.02
2021-09-17,161.33,170.04
2021-09-18,163.47,172.73
2021-09-19,165.49,175.14
2021-09-20,168.95,177.29
2021-09-21,169.37,176.13
2021-09-22,169.96,176.6
2021-09-23,170.52,177.17
2021-09-24,171.06,177.23
2021-09-25,171.34,177.01
2021-09-26,171.45,176.91
2021-09-27,171.65,176.9
2021-09-28,171.76,176.55
2021-09-29,170.93,174.86
2021-09-30,169.98,172.84
2021-10-01,168.88,171.75
2021-10-02,168.56,171.92
2021-10-03,168.2,172.14
2021-10-04,167.5,172.26
2021-10-05,167.24,173.18
2021-10-06,167.54,174.87
2021-10-07,167.47,177.13
2021-10-08,167.63,178.89
2021-10-09,167.74,179.39
2021-10-10,167.77,179.49
2021-10-11,168.13,179.67
2021-10-12,167.68,178.64
2021-10-13,166.86,177.27
2021-10-14,166.89,176.05
2021-10-15,167.02,173.91
2021-10-16,166.57,171.89
2021-10-17,166.71,170.97
2021-10-18,166.7,170.07
2021-10-19,167.66,170.19
2021-10-20,168.7,170.32
2021-10-21,169.34,170.08
2021-10-22,169.71,170.46
2021-10-23,170.43,171.34
2021-10-24,170.33,170.85
2021-10-25,170.25,170.26
2021-10-26,169.85,169.43
2021-10-27,169.49,168.71
2021-10-28,169.33,168.1
2021-10-29,169.11,167.54
2021-10-30,168.78,166.7
2021-10-31,169.1,166.81
2021-11-01,169.94,167.78
2021-11-02,171.27,169.74
2021-11-03,172.58,172.0
2021-11-04,173.41,174.1
2021-11-05,174.46,176.55
2021-11-06,175.24,178.87
2021-11-07,174.91,180.87
2021-11-08,174.89,182.93
2021-11-09,174.01,182.8
2021-11-10,173.49,182.56
2021-11-11,174.84,183.69
2021-11-12,175.38,183.97
2021-11-13,175.45,183.62
2021-11-14,175.74,182.42
2021-11-15,175.47,179.55
2021-11-16,175.8,178.01
2021-11-17,175.16,175.87
2021-11-18,172.8,172.17
2021-11-19,171.76,170.02
2021-11-20,170.9,168.13
2021-11-21,170.95,167.37
2021-11-22,171.07,167.48
2021-11-23,171.45,167.63
2021-11-24,172.24,167.59
2021-11-25,172.55,166.99
2021-11-26,171.07,162.09
2021-11-27,167.47,155.12
2021-11-28,166.25,147.34
2021-11-29,164.81,140.0
2021-11-30,163.05,132.64
2021-12-01,162.09,127.53
2021-12-02,162.14,124.64
2021-12-03,162.73,128.55
2021-12-04,167.36,137.36
2021-12-05,169.13,146.69
2021-12-06,172.11,155.68
2021-12-07,172.91,164.25
2021-12-08,173.46,171.45
2021-12-09,174.11,176.64
2021-12-10,175.41,178.23
2021-12-11,174.76,176.84
2021-12-12,174.69,175.87
2021-12-13,173.3,174.57
2021-12-14,174.13,173.45
2021-12-15,174.5,170.94
2021-12-16,174.42,168.8
2021-12-17,174.53,167.48
2021-12-18,175.0,166.68
2021-12-19,175.13,165.35
2021-12-20,175.24,163.88
2021-12-21,175.2,162.39
2021-12-22,174.86,161.56
2021-12-23,174.37,160.37
2021-12-24,172.91,156.98
2021-12-25,170.36,151.25
2021-12-26,168.66,144.87
2021-12-27,168.14,138.89
2021-12-28,167.58,132.54
2021-12-29,167.05,125.65
2021-12-30,166.4,119.19
2021-12-31,166.59,114.59
2022-01-01,167.6,113.48
2022-01-02,167.5,113.7
2022-01-03,164.33,114.11
2022-01-04,161.37,116.34
2022-01-05,159.53,120.89
2022-01-06,159.14,126.95
2022-01-07,157.81,133.86
2022-01-08,159.82,143.91
2022-01-09,160.99,152.95
2022-01-10,163.65,161.69
2022-01-11,166.21,169.21
2022-01-12,168.31,175.52
2022-01-13,169.42,180.57
2022-01-14,171.4,184.33
2022-01-15,170.33,183.01
2022-01-16,170.6,181.89
2022-01-17,171.98,181.4
2022-01-18,172.69,179.88
2022-01-19,172.91,177.74
2022-01-20,173.04,175.54
2022-01-21,173.54,173.73
2022-01-22,174.15,172.72
2022-01-23,174.31,172.07
2022-01-24,173.31,170.12
2022-01-25,173.84,170.17
2022-01-26,174.78,171.05
2022-01-27,175.74,171.95
2022-01-28,176.25,172.64
2022-01-29,176.47,173.49
2022-01-30,177.15,174.5
2022-01-31,178.03,175.82
2022-02-01,177.97,176.48
2022-02-02,178.07,177.66
2022-02-03,178.2,179.16
2022-02-04,178.31,180.81
2022-02-05,178.54,182.4
2022-02-06,178.41,183.69
2022-02-07,177.8,185.58
2022-02-08,178.01,188.07
2022-02-09,178.5,189.26
2022-02-10,178.84,189.96
2022-02-11,179.07,190.28
2022-02-12,179.36,190.65
2022-02-13,179.62,190.98
2022-02-14,180.65,190.92
2022-02-15,180.71,188.57
2022-02-16,180.42,186.7
2022-02-17,180.91,185.74
2022-02-18,181.75,185.05
2022-02-19,182.39,184.0
2022-02-20,183.61,183.4
2022-02-21,185.13,183.0
2022-02-22,185.87,183.12
2022-02-23,186.22,183.23
2022-02-24,185.37,181.95
2022-02-25,183.9,180.38
2022-02-26,182.68,179.36
2022-02-27,180.84,177.92
2022-02-28,178.69,176.46
2022-03-01,178.01,176.97
2022-03-02,177.78,178.59
2022-03-03,178.22,181.35
2022-03-04,179.05,184.58
2022-03-05,179.47,187.55
2022-03-06,179.9,190.53
2022-03-07,179.44,193.52
2022-03-08,179.33,196.26
2022-03-09,179.41,197.21
2022-03-10,179.34,197.63
2022-03-11,179.36,197.85
2022-03-12,179.66,198.02
2022-03-13,180.07,198.25
2022-03-14,181.31,198.3
2022-03-15,181.12,195.91
2022-03-16,180.53,193.94
2022-03-17,180.01,192.53
2022-03-18,179.55,191.14
2022-03-19,179.13,189.77
2022-03-20,178.43,187.98
2022-03-21,178.05,186.23
2022-03-22,178.3,186.06
2022-03-23,178.63,186.3
2022-03-24,178.6,185.32
2022-03-25,178.4,184.4
2022-03-26,178.67,184.04
2022-03-27,179.27,184.09
2022-03-28,179.43,184.07
2022-03-29,179.43,183.69
2022-03-30,179.5,183.24
2022-03-31,179.83,183.58
2022-04-01,179.66,184.03
2022-04-02,179.29,185.02
2022-04-03,178.81,185.99
2022-04-04,178.26,187.01
2022-04-05,177.73,188.42
2022-04-06,176.83,189.63
2022-04-07,175.28,190.76
2022-04-08,175.18,192.64
2022-04-09,174.33,191.64
2022-04-10,174.07,190.89
2022-04-11,174.2,190.13
2022-04-12,174.24,189.09
2022-04-13,174.59,188.27
2022-04-14,175.82,187.65
2022-04-15,175.76,184.87
2022-04-16,176.41,183.88
2022-04-17,176.92,183.2
2022-04-18,177.19,182.42
2022-04-19,177.5,181.55
2022-04-20,177.52,180.47
2022-04-21,177.32,179.39
2022-04-22,177.54,179.64
2022-04-23,177.76,180.26
2022-04-24,177.27,179.5
2022-04-25,176.9,179.11
2022-04-26,176.89,179.49
2022-04-27,176.89,179.72
2022-04-28,177.8,180.71
2022-04-29,178.98,181.6
2022-04-30,179.77,181.98
2022-05-01,181.15,183.94
2022-05-02,182.24,186.28
2022-05-03,182.83,188.0
2022-05-04,183.34,189.89
2022-05-05,183.09,191.05
2022-05-06,182.35,192.16
2022-05-07,180.72,193.47
2022-05-08,180.14,195.22
2022-05-09,179.63,195.15
2022-05-10,179.78,195.32
2022-05-11,179.56,194.8
2022-05-12,179.91,194.7
2022-05-13,180.06,194.26
2022-05-14,181.32,193.8
2022-05-15,181.13,190.82
2022-05-16,181.24,189.23
2022-05-17,181.02,187.76
2022-05-18,181.82,187.3
2022-05-19,181.83,186.24
2022-05-20,182.01,185.46
2022-05-21,181.85,184.43
2022-05-22,182.37,185.31
2022-05-23,182.86,185.89
2022-05-24,182.84,185.63
2022-05-25,182.28,184.9
2022-05-26,181.64,183.94
2022-05-27,181.68,183.37
2022-05-28,182.58,182.73
2022-05-29,184.02,181.35
2022-05-30,185.83,180.08
2022-05-31,184.77,176.22
2022-06-01,182.75,172.56
2022-06-02,181.5,170.33
2022-06-03,179.51,167.56
2022-06-04,176.6,165.91
2022-06-05,172.31,164.66
2022-06-06,167.15,163.44
2022-06-07,167.29,168.62
2022-06-08,170.05,175.15
2022-06-09,171.91,179.25
2022-06-10,172.92,182.16
2022-06-11,174.39,184.75
2022-06-12,176.44,187.08
2022-06-13,179.18,189.95
2022-06-14,179.86,189.38
2022-06-15,178.44,185.89
2022-06-16,177.5,183.66
2022-06-17,178.22,183.61
2022-06-18,178.63,182.8
2022-06-19,179.03,182.21
2022-06-20,179.26,180.89
2022-06-21,179.11,179.28
2022-06-22,179.59,179.19
2022-06-23,179.36,178.6
2022-06-24,178.13,176.2
2022-06-25,176.6,173.55
2022-06-26,174.8,170.7
2022-06-27,172.76,168.11
2022-06-28,171.6,166.62
2022-06-29,170.54,165.28
2022-06-30,170.38,164.79
2022-07-01,169.89,165.5
2022-07-02,169.93,167.44
2022-07-03,169.98,169.51
2022-07-04,170.27,172.06
2022-07-05,169.93,171.28
2022-07-06,169.66,170.07
2022-07-07,168.32,168.86
2022-07-08,168.75,168.48
2022-07-09,169.41,166.36
2022-07-10,170.2,164.01
2022-07-11,169.82,161.09
2022-07-12,171.33,164.37
2022-07-13,171.99,167.97
2022-07-14,173.13,170.81
2022-07-15,173.2,171.26
2022-07-16,172.97,172.92
2022-07-17,172.82,175.25
2022-07-18,173.57,177.54
2022-07-19,173.21,177.08
2022-07-20,173.6,176.67
2022-07-21,173.66,176.13
2022-07-22,174.4,177.52
2022-07-23,174.78,178.41
2022-07-24,175.02,178.15
2022-07-25,175.23,177.79
2022-07-26,174.55,176.47
2022-07-27,173.64,174.95
2022-07-28,173.58,174.3
2022-07-29,172.85,173.04
2022-07-30,172.76,172.65
2022-07-31,172.84,172.91
2022-08-01,172.8,173.74
2022-08-02,172.69,175.42
2022-08-03,172.93,177.71
2022-08-04,172.53,179.31
2022-08-05,172.84,181.86
2022-08-06,172.63,183.57
2022-08-07,171.58,185.0
2022-08-08,170.56,185.99
2022-08-09,170.94,186.47
2022-08-10,170.81,186.09
2022-08-11,170.91,185.81
2022-08-12,170.2,184.45
2022-08-13,169.86,183.77
2022-08-14,170.27,183.37
2022-08-15,170.92,181.98
2022-08-16,170.69,180.76
2022-08-17,170.92,180.42
2022-08-18,171.38,180.29
2022-08-19,172.24,180.49
2022-08-20,172.97,180.17
2022-08-21,173.82,179.72
2022-08-22,174.45,180.24
2022-08-23,174.77,180.45
2022-08-24,174.72,179.93
2022-08-25,174.5,179.28
2022-08-26,173.86,178.3
2022-08-27,173.38,177.7
2022-08-28,172.8,177.1
2022-08-29,172.66,176.65
2022-08-30,172.58,176.11
2022-08-31,172.6,175.71
2022-09-01,172.08,175.54
2022-09-02,172.1,176.42
2022-09-03,171.93,177.36
2022-09-04,172.55,178.24
2022-09-05,173.39,178.73
2022-09-06,171.33,176.46
2022-09-07,168.25,174.11
2022-09-08,167.06,172.89
2022-09-09,165.8,170.08
2022-09-10,164.95,167.5
2022-09-11,162.7,165.01
2022-09-12,160.34,163.03
2022-09-13,162.86,167.4
2022-09-14,166.31,172.12
2022-09-15,168.31,174.27
2022-09-16,169.66,176.6
2022-09-17,170.64,178.57
2022-09-18,172.2,180.5
2022-09-19,173.35,181.93
2022-09-20,172.32,179.62
2022-09-21,171.53,177.27
2022-09-22,170.88,176.47
2022-09-23,171.05,176.62
2022-09-24,170.93,176.04
2022-09-25,170.92,175.49
2022-09-26,171.01,175.29
2022-09-27,171.48,175.57
2022-09-28,171.45,175.15
2022-09-29,171.21,174.12
2022-09-30,170.52,172.47
2022-10-01,169.64,171.93
2022-10-02,168.17,171.36
2022-10-03,166.49,170.69
2022-10-04,164.61,170.04
2022-10-05,163.17,170.22
2022-10-06,161.96,170.82
2022-10-07,160.41,171.79
2022-10-08,160.47,173.47
2022-10-09,161.66,174.76
2022-10-10,163.26,176.1
2022-10-11,164.79,177.02
2022-10-12,166.39,177.57
2022-10-13,168.03,178.16
2022-10-14,170.12,178.66
2022-10-15,170.85,176.67
2022-10-16,170.93,175.08
2022-10-17,170.46,173.4
2022-10-18,170.36,172.34
2022-10-19,170.04,171.2
2022-10-20,169.69,169.96
2022-10-21,168.99,168.45
2022-10-22,168.25,167.77
2022-10-23,167.48,167.16
2022-10-24,167.12,166.52
2022-10-25,166.79,165.73
2022-10-26,166.67,165.19
2022-10-27,166.54,164.74
2022-10-28,166.4,164.17
2022-10-29,166.81,164.29
2022-10-30,167.15,164.18
2022-10-31,167.15,164.12
2022-11-01,166.21,163.64
2022-11-02,165.05,163.5
2022-11-03,164.51,164.31
2022-11-04,164.7,166.19
2022-11-05,164.18,167.52
2022-11-06,163.62,168.91
2022-11-07,162.59,170.31
2022-11-08,163.21,172.96
2022-11-09,164.42,174.61
2022-11-10,164.6,174.81
2022-11-11,164.47,174.03
2022-11-12,164.53,173.33
2022-11-13,164.79,172.67
2022-11-14,165.99,172.07
2022-11-15,165.93,169.07
2022-11-16,165.49,166.67
2022-11-17,165.36,164.91
2022-11-18,165.05,163.27
2022-11-19,164.91,162.04
2022-11-20,164.66,160.76
2022-11-21,164.11,159.32
2022-11-22,163.92,159.12
2022-11-23,163.91,158.87
2022-11-24,163.04,157.29
2022-11-25,159.54,152.93
2022-11-26,156.27,146.27
2022-11-27,152.66,139.52
2022-11-28,152.28,132.97
2022-11-29,151.88,127.01
2022-11-30,151.05,120.81
2022-12-01,150.46,116.63
2022-12-02,154.77,118.65
2022-12-03,157.95,125.37
2022-12-04,160.62,132.3
2022-12-05,159.77,139.08
2022-12-06,159.55,145.18
2022-12-07,158.0,151.52
2022-12-08,157.64,157.55
2022-12-09,156.25,160.09
2022-12-10,155.56,159.53
2022-12-11,156.08,159.07
2022-12-12,157.04,158.73
2022-12-13,157.54,158.65
2022-12-14,159.53,158.33
2022-12-15,160.77,156.31
2022-12-16,160.89,154.3
2022-12-17,161.17,153.02
2022-12-18,161.06,151.58
2022-12-19,160.93,150.01
2022-12-20,160.63,148.2
2022-12-21,160.25,146.36
2022-12-22,159.56,145.18
2022-12-23,158.65,143.48
2022-12-24,157.14,140.11
2022-12-25,156.61,136.48
2022-12-26,157.37,132.7
2022-12-27,157.11,127.12
2022-12-28,156.75,121.22
2022-12-29,157.21,115.59
2022-12-30,157.82,110.63
2022-12-31,159.7,107.98
2023-01-01,158.67,105.75
2023-01-02,156.74,104.56
2023-01-03,154.48,106.14
2023-01-04,152.75,109.85
2023-01-05,151.31,115.02
2023-01-06,150.79,121.28
2023-01-07,149.47,128.32
2023-01-08,150.14,136.42
2023-01-09,149.81,143.47
2023-01-10,152.99,152.46
2023-01-11,155.66,159.73
2023-01-12,157.54,165.39
2023-01-13,158.66,169.92
2023-01-14,159.68,172.3
2023-01-15,160.62,172.61
2023-01-16,162.7,173.23
2023-01-17,161.34,169.8
2023-01-18,160.28,166.39
2023-01-19,159.52,163.25
2023-01-20,158.7,160.04
2023-01-21,158.14,157.09
2023-01-22,157.6,154.89
2023-01-23,156.14,152.57
2023-01-24,156.78,152.47
2023-01-25,157.16,152.47
2023-01-26,157.29,152.54
2023-01-27,157.22,152.59
2023-01-28,156.95,152.92
2023-01-29,156.52,153.21
2023-01-30,156.86,154.05
2023-01-31,156.31,154.1
2023-02-01,155.52,154.44
2023-02-02,154.67,155.07
2023-02-03,153.84,155.93
2023-02-04,153.28,157.08
2023-02-05,152.8,158.39
2023-02-06,151.62,158.99
2023-02-07,149.81,159.76
2023-02-08,148.85,160.83
2023-02-09,149.09,161.55
2023-02-10,149.42,161.93
2023-02-11,149.49,161.69
2023-02-12,149.82,161.61
2023-02-13,150.59,161.89
2023-02-14,152.14,161.97
2023-02-15,153.44,160.66
2023-02-16,153.73,159.27
2023-02-17,153.76,157.68
2023-02-18,153.99,156.31
2023-02-19,154.53,155.15
2023-02-20,155.15,154.0
2023-02-21,155.11,152.07
2023-02-22,154.78,151.12
2023-02-23,154.75,150.83
2023-02-24,154.53,150.33
2023-02-25,153.84,149.66
2023-02-26,152.73,148.76
2023-02-27,151.62,148.12
2023-02-28,151.37,148.7
2023-03-01,149.97,148.91
2023-03-02,149.36,150.47
2023-03-03,148.72,152.35
2023-03-04,148.49,154.81
2023-03-05,148.0,157.2
2023-03-06,147.2,159.3
2023-03-07,145.43,161.02
2023-03-08,146.0,164.22
2023-03-09,145.77,164.58
2023-03-10,147.02,166.05
2023-03-11,148.39,167.25
2023-03-12,150.05,168.4
2023-03-13,151.84,169.5
2023-03-14,154.31,170.51
2023-03-15,155.26,169.03
2023-03-16,156.01,168.36
2023-03-17,155.68,166.97
2023-03-18,154.82,165.08
2023-03-19,153.8,163.04
2023-03-20,153.08,161.24
2023-03-21,152.4,159.23
2023-03-22,152.17,158.61
2023-03-23,151.91,158.17
2023-03-24,151.8,157.31
2023-03-25,152.05,156.99
2023-03-26,152.55,156.94
2023-03-27,152.73,156.69
2023-03-28,152.93,156.8
2023-03-29,153.13,156.7
2023-03-30,153.42,156.65
2023-03-31,153.71,157.08
2023-04-01,153.25,157.51
2023-04-02,152.32,158.12
2023-04-03,150.99,158.55
2023-04-04,149.79,159.21
2023-04-05,148.88,160.47
2023-04-06,147.83,161.71
2023-04-07,146.23,162.68
2023-04-08,145.89,163.83
2023-04-09,147.11,164.3
2023-04-10,148.73,164.73
2023-04-11,150.11,164.51
2023-04-12,150.77,163.38
2023-04-13,151.71,162.55
2023-04-14,153.18,161.89
2023-04-15,154.26,160.37
2023-04-16,154.38,159.48
2023-04-17,154.38,158.92
2023-04-18,154.46,158.57
2023-04-19,154.62,158.2
2023-04-20,154.78,157.74
2023-04-21,155.03,157.36
2023-04-22,155.19,157.64
2023-04-23,154.97,157.52
2023-04-24,154.95,157.19
2023-04-25,154.99,157.07
2023-04-26,155.47,157.8
2023-04-27,155.98,158.43
2023-04-28,156.51,159.13
2023-04-29,156.63,159.12
2023-04-30,157.05,159.3
2023-05-01,156.57,159.58
2023-05-02,155.88,160.24
2023-05-03,155.39,161.07
2023-05-04,154.37,161.61
2023-05-05,153.32,162.12
2023-05-06,152.83,163.62
2023-05-07,151.31,164.89
2023-05-08,151.72,167.37
2023-05-09,152.81,168.66
2023-05-10,153.39,168.92
2023-05-11,154.48,169.33
2023-05-12,155.01,168.97
2023-05-13,155.52,168.41
2023-05-14,156.86,167.81
2023-05-15,156.64,164.69
2023-05-16,156.02,162.4
2023-05-17,155.69,160.71
2023-05-18,155.2,158.94
2023-05-19,155.24,158.0
2023-05-20,155.28,157.2
2023-05-21,155.45,156.6
2023-05-22,155.78,157.34
2023-05-23,155.63,157.31
2023-05-24,155.57,157.31
2023-05-25,155.63,157.41
2023-05-26,155.61,157.15
2023-05-27,155.2,156.25
2023-05-28,155.7,155.16
2023-05-29,157.11,153.86
2023-05-30,156.67,150.5
2023-05-31,155.31,146.51
2023-06-01,152.84,142.73
2023-06-02,150.87,140.08
2023-06-03,149.4,138.16
2023-06-04,145.98,136.53
2023-06-05,141.44,135.27
2023-06-06,141.65,139.62
2023-06-07,141.82,144.54
2023-06-08,143.94,150.11
2023-06-09,146.05,154.18
2023-06-10,148.03,157.7
2023-06-11,150.96,160.96
2023-06-12,154.34,164.0
2023-06-13,154.44,163.67
2023-06-14,155.47,163.22
2023-06-15,155.05,160.57
2023-06-16,154.14,158.39
2023-06-17,152.96,156.36
2023-06-18,151.96,154.49
2023-06-19,150.79,152.54
2023-06-20,150.18,150.46
2023-06-21,149.31,148.23
2023-06-22,148.98,147.35
2023-06-23,148.66,146.56
2023-06-24,148.6,145.58
2023-06-25,148.45,144.47
2023-06-26,148.46,143.55
2023-06-27,148.87,143.68
2023-06-28,149.12,143.88
2023-06-29,149.29,144.02
2023-06-30,149.47,144.16
2023-07-01,148.52,144.67
2023-07-02,147.19,145.38
2023-07-03,145.62,146.07
2023-07-04,142.56,145.5
2023-07-05,139.75,142.57
2023-07-06,137.5,139.68
2023-07-07,134.84,137.12
2023-07-08,134.48,135.74
2023-07-09,135.87,134.11
2023-07-10,137.63,132.49
2023-07-11,140.88,132.91
2023-07-12,145.43,138.65
2023-07-13,148.84,144.3
2023-07-14,152.93,149.68
2023-07-15,155.22,152.18
2023-07-16,155.9,154.83
2023-07-17,156.12,157.46
2023-07-18,155.88,158.69
2023-07-19,154.33,157.13
2023-07-20,153.19,155.36
2023-07-21,151.82,153.54
2023-07-22,150.53,152.92
2023-07-23,149.66,152.43
2023-07-24,149.4,151.87
2023-07-25,149.28,151.33
2023-07-26,149.18,150.62
2023-07-27,149.24,150.16
2023-07-28,149.25,149.72
2023-07-29,149.91,149.98
2023-07-30,150.04,150.01
2023-07-31,149.7,149.95
2023-08-01,148.88,150.18
2023-08-02,147.91,151.13
2023-08-03,147.05,152.45
2023-08-04,146.34,153.82
2023-08-05,145.18,154.97
2023-08-06,144.32,156.1
2023-08-07,143.18,157.06
2023-08-08,143.53,159.12
2023-08-09,144.76,160.16
2023-08-10,146.06,160.88
2023-08-11,147.77,161.83
2023-08-12,149.59,162.58
2023-08-13,151.21,163.36
2023-08-14,153.06,164.27
2023-08-15,153.62,162.77
2023-08-16,153.15,161.44
2023-08-17,152.22,159.97
2023-08-18,150.64,157.9
2023-08-19,149.02,155.79
2023-08-20,147.7,153.63
2023-08-21,146.79,151.65
2023-08-22,146.39,151.22
2023-08-23,146.1,150.81
2023-08-24,146.15,150.67
2023-08-25,146.67,150.97
2023-08-26,147.26,151.34
2023-08-27,147.79,151.9
2023-08-28,148.0,152.3
2023-08-29,148.17,152.29
2023-08-30,148.72,152.55
2023-08-31,149.0,152.5
2023-09-01,148.29,152.29
2023-09-02,147.53,152.46
2023-09-03,146.37,152.4
2023-09-04,146.1,152.41
2023-09-05,143.84,149.92
2023-09-06,141.76,147.76
2023-09-07,140.07,146.59
2023-09-08,140.77,147.02
2023-09-09,142.57,147.23
2023-09-10,144.6,147.54
2023-09-11,145.47,148.0
2023-09-12,151.07,153.68
2023-09-13,154.8,158.61
2023-09-14,157.19,161.94
2023-09-15,157.13,161.94
2023-09-16,156.09,161.85
2023-09-17,154.83,161.39
2023-09-18,153.86,160.71
2023-09-19,149.86,157.01
2023-09-20,147.25,153.4
2023-09-21,146.14,151.02
2023-09-22,145.66,150.43
2023-09-23,145.22,149.93
2023-09-24,145.34,149.83
2023-09-25,145.8,149.96
2023-09-26,146.25,150.2
2023-09-27,146.68,150.56
2023-09-28,146.79,150.4
2023-09-29,147.31,150.3
2023-09-30,147.72,149.99
2023-10-01,146.97,149.66
2023-10-02,145.86,149.43
2023-10-03,145.01,149.65
2023-10-04,144.45,150.38
2023-10-05,143.81,151.31
2023-10-06,142.96,152.22
2023-10-07,142.17,153.61
2023-10-08,143.47,156.17
2023-10-09,145.67,158.22
2023-10-10,147.67,159.69
2023-10-11,149.12,160.21
2023-10-12,150.5,160.23
2023-10-13,151.67,159.89
2023-10-14,152.58,159.02
2023-10-15,151.97,155.8
2023-10-16,150.58,152.92
2023-10-17,149.35,150.54
2023-10-18,148.53,148.86
2023-10-19,147.89,147.58
2023-10-20,147.06,146.17
2023-10-21,146.19,144.86
2023-10-22,146.15,144.97
2023-10-23,145.93,144.9
2023-10-24,145.72,144.71
2023-10-25,145.42,144.2
2023-10-26,144.98,143.49
2023-10-27,144.59,142.88
2023-10-28,146.06,144.02
2023-10-29,147.19,145.0
2023-10-30,148.64,146.19
2023-10-31,149.78,147.31
2023-11-01,150.61,148.78
2023-11-02,151.84,151.1
2023-11-03,153.41,154.03
2023-11-04,151.66,153.96
2023-11-05,149.98,154.05
2023-11-06,148.13,154.05
2023-11-07,146.13,154.02
2023-11-08,145.33,154.69
2023-11-09,144.57,154.04
2023-11-10,143.36,152.62
2023-11-11,143.8,152.15
2023-11-12,143.78,151.06
2023-11-13,143.97,149.96
2023-11-14,144.58,148.73
2023-11-15,144.01,145.46
2023-11-16,143.12,142.85
2023-11-17,142.35,140.51
2023-11-18,141.78,138.76
2023-11-19,141.25,137.39
2023-11-20,140.62,135.99
2023-11-21,139.88,134.6
2023-11-22,139.32,134.03
2023-11-23,138.52,132.93
2023-11-24,135.54,129.49
2023-11-25,130.52,123.8
2023-11-26,127.76,117.82
2023-11-27,124.68,111.9
2023-11-28,125.26,106.67
2023-11-29,125.84,102.11
2023-11-30,127.24,98.51
2023-12-01,131.75,99.88
2023-12-02,139.69,105.83
2023-12-03,142.59,112.11
2023-12-04,144.96,118.45
2023-12-05,144.08,124.94
2023-12-06,144.27,131.29
2023-12-07,143.27,137.71
2023-12-08,141.76,141.82
2023-12-09,139.08,142.48
2023-12-10,139.67,143.09
2023-12-11,141.31,143.59
2023-12-12,141.91,142.62
2023-12-13,141.75,141.32
2023-12-14,142.12,139.19
2023-12-15,141.7,135.69
2023-12-16,140.97,133.05
2023-12-17,139.73,130.32
2023-12-18,138.42,127.83
2023-12-19,137.92,126.1
2023-12-20,137.49,124.47
2023-12-21,137.19,123.03
2023-12-22,137.18,122.5
2023-12-23,136.89,121.36
2023-12-24,137.47,120.28
2023-12-25,138.92,118.82
2023-12-26,139.33,114.78
2023-12-27,139.21,109.55
2023-12-28,139.11,104.08
2023-12-29,139.42,98.57
2023-12-30,140.13,93.97
2023-12-31,139.75,89.22
2024-01-01,136.44,84.93
2024-01-02,134.43,83.89
2024-01-03,132.98,86.33
2024-01-04,132.01,90.87
2024-01-05,131.67,97.02
2024-01-06,132.21,104.31
2024-01-07,131.88,111.93
2024-01-08,133.54,120.47
2024-01-09,139.32,133.15
2024-01-10,143.97,143.26
2024-01-11,147.38,150.9
2024-01-12,149.94,156.85
2024-01-13,151.11,160.91
2024-01-14,154.02,164.99
2024-01-15,156.28,166.82
2024-01-16,151.04,160.31
2024-01-17,146.61,153.89
2024-01-18,143.05,148.11
2024-01-19,139.81,142.67
2024-01-20,137.07,137.8
2024-01-21,134.08,132.68
2024-01-22,131.74,128.64
2024-01-23,133.17,129.18
2024-01-24,134.54,130.06
2024-01-25,135.48,130.83
2024-01-26,136.25,131.69
2024-01-27,137.06,132.76
2024-01-28,137.46,133.93
2024-01-29,137.83,135.19
2024-01-30,137.35,135.39
2024-01-31,136.93,135.63
2024-02-01,136.17,136.11
2024-02-02,135.55,137.02
2024-02-03,135.27,138.47
2024-02-04,135.02,139.96
2024-02-05,134.65,141.29
2024-02-06,134.48,142.88
2024-02-07,133.92,144.51
2024-02-08,134.91,147.24
2024-02-09,136.34,148.85
2024-02-10,136.93,149.21
2024-02-11,137.8,149.42
2024-02-12,138.77,149.63
2024-02-13,139.56,149.47
2024-02-14,140.74,149.05
2024-02-15,140.34,146.13
2024-02-16,139.44,143.8
2024-02-17,138.67,141.53
2024-02-18,138.4,139.8
2024-02-19,138.37,138.29
2024-02-20,138.02,136.46
2024-02-21,137.66,134.54
2024-02-22,137.79,134.02
2024-02-23,137.92,133.8
2024-02-24,138.52,134.34
2024-02-25,138.3,134.3
2024-02-26,137.74,134.03
2024-02-27,137.74,134.6
2024-02-28,137.79,135.64
2024-02-29,137.72,136.81
2024-03-01,137.21,137.94
2024-03-02,136.49,139.42
2024-03-03,136.0,141.3
2024-03-04,135.78,143.71
2024-03-05,135.58,146.27
2024-03-06,135.41,148.83
2024-03-07,135.17,151.41
2024-03-08,135.54,153.93
2024-03-09,136.33,155.02
2024-03-10,137.08,155.73
2024-03-11,137.61,155.76
2024-03-12,137.79,155.11
2024-03-13,137.79,153.99
2024-03-14,138.08,152.55
2024-03-15,138.32,150.63
2024-03-16,137.86,148.99
2024-03-17,137.2,147.36
2024-03-18,136.54,145.78
2024-03-19,136.08,144.45
2024-03-20,135.59,143.12
2024-03-21,135.24,141.73
2024-03-22,134.68,140.71
2024-03-23,134.5,140.25
2024-03-24,134.73,139.93
2024-03-25,134.87,139.65
2024-03-26,134.7,139.07
2024-03-27,134.52,138.57
2024-03-28,134.27,138.42
2024-03-29,134.0,138.03
2024-03-30,133.37,136.97
2024-03-31,132.36,135.8
2024-04-01,130.68,134.75
2024-04-02,128.99,134.3
2024-04-03,127.58,134.34
2024-04-04,126.18,134.65
2024-04-05,124.84,135.33
2024-04-06,124.15,137.11
2024-04-07,123.45,139.01
2024-04-08,123.84,141.04
2024-04-09,125.22,142.01
2024-04-10,126.43,142.38
2024-04-11,127.39,141.83
2024-04-12,128.24,140.91
2024-04-13,128.49,139.15
2024-04-14,129.02,137.37
2024-04-15,129.76,135.53
2024-04-16,129.71,134.47
2024-04-17,129.72,133.74
2024-04-18,130.05,133.54
2024-04-19,130.96,133.87
2024-04-20,131.95,134.43
2024-04-21,133.04,135.18
2024-04-22,133.83,136.02
2024-04-23,134.68,136.86
2024-04-24,135.58,137.64
2024-04-25,136.26,138.31
2024-04-26,136.1,138.5
2024-04-27,135.82,138.44
2024-04-28,135.17,138.11
2024-04-29,134.45,137.44
2024-04-30,133.5,136.47
2024-05-01,131.62,135.41
2024-05-02,129.59,134.71
2024-05-03,127.94,134.38
2024-05-04,126.52,134.56
2024-05-05,125.5,135.0
2024-05-06,124.3,135.71
2024-05-07,122.86,136.71
2024-05-08,122.57,137.97
2024-05-09,123.26,138.57
2024-05-10,123.64,138.36
2024-05-11,124.13,137.88
2024-05-12,124.49,137.07
2024-05-13,124.9,136.02
2024-05-14,125.97,135.0
2024-05-15,126.96,133.49
2024-05-16,126.97,132.1
2024-05-17,127.38,131.33
2024-05-18,127.21,130.06
2024-05-19,126.82,128.88
2024-05-20,126.74,128.22
2024-05-21,126.6,127.6
2024-05-22,126.41,127.68
2024-05-23,126.83,128.12
2024-05-24,127.17,128.67
2024-05-25,127.81,129.46
2024-05-26,128.6,130.1
2024-05-27,129.24,130.33
2024-05-28,128.34,127.96
2024-05-29,127.71,124.85
2024-05-30,127.22,121.7
2024-05-31,126.57,118.49
2024-06-01,125.63,116.38
2024-06-02,124.48,114.61
2024-06-03,123.27,112.97
2024-06-04,125.0,116.52
2024-06-05,125.89,120.58
2024-06-06,125.75,124.44
2024-06-07,125.04,128.11
2024-06-08,124.33,130.33
2024-06-09,124.35,132.01
2024-06-10,124.42,133.37
2024-06-11,122.75,131.69
2024-06-12,121.35,129.67
2024-06-13,119.95,127.47
2024-06-14,119.45,125.37
2024-06-15,120.13,124.19
2024-06-16,120.67,123.75
2024-06-17,121.28,123.67
2024-06-18,122.19,123.91
2024-06-19,123.09,124.22
2024-06-20,124.59,124.53
2024-06-21,125.96,124.82
2024-06-22,126.32,124.51
2024-06-23,126.5,124.07
2024-06-24,126.83,123.61
2024-06-25,127.26,123.2
2024-06-26,127.95,123.06
2024-06-27,128.84,123.8
2024-06-28,129.45,124.53
2024-06-29,130.31,125.6
2024-06-30,131.01,126.53
2024-07-01,130.22,127.27
2024-07-02,129.68,128.72
2024-07-03,128.99,130.29
2024-07-04,127.42,131.23
2024-07-05,126.53,130.15
2024-07-06,124.68,127.61
2024-07-07,122.27,124.84
2024-07-08,120.81,121.9
2024-07-09,119.52,117.33
2024-07-10,117.87,112.04
2024-07-11,115.71,106.78
2024-07-12,113.84,105.8
2024-07-13,113.27,107.04
2024-07-14,113.41,108.48
2024-07-15,114.56,110.21
2024-07-16,115.18,113.1
2024-07-17,115.96,116.51
2024-07-18,118.04,120.25
2024-07-19,119.38,121.8
2024-07-20,120.18,122.27
2024-07-21,121.12,123.02
2024-07-22,121.46,123.87
2024-07-23,121.64,124.25
2024-07-24,122.05,124.44
2024-07-25,122.22,124.24
2024-07-26,122.4,123.86
2024-07-27,122.85,123.85
2024-07-28,122.89,123.57
2024-07-29,122.72,123.2
2024-07-30,122.92,123.53
2024-07-31,123.02,123.97
2024-08-01,122.46,124.55
2024-08-02,121.36,125.36
2024-08-03,120.25,126.4
2024-08-04,119.27,127.44
2024-08-05,118.12,128.42
2024-08-06,116.59,128.75
2024-08-07,115.15,129.07
2024-08-08,114.26,129.4
2024-08-09,114.43,129.11
2024-08-10,114.25,128.11
2024-08-11,114.21,127.08
2024-08-12,114.36,125.96
2024-08-13,114.39,124.86
2024-08-14,114.32,123.78
2024-08-15,114.81,122.63
2024-08-16,114.7,122.0
2024-08-17,114.95,121.93
2024-08-18,115.24,121.95
2024-08-19,115.71,122.14
2024-08-20,116.66,122.52
2024-08-21,117.95,123.01
2024-08-22,118.98,123.89
2024-08-23,120.39,125.04
2024-08-24,121.38,125.91
2024-08-25,122.06,126.44
2024-08-26,122.55,126.75
2024-08-27,122.77,127.05
2024-08-28,122.55,127.13
2024-08-29,122.09,126.65
2024-08-30,121.2,125.66
2024-08-31,120.76,124.93
2024-09-01,119.83,124.6
2024-09-02,118.98,124.7
2024-09-03,115.91,122.68
2024-09-04,114.02,121.01
2024-09-05,113.47,120.04
2024-09-06,113.22,119.61
2024-09-07,113.02,119.58
2024-09-08,113.48,119.32
2024-09-09,114.71,118.76
2024-09-10,119.9,122.13
2024-09-11,123.18,124.86
2024-09-12,125.13,126.72
2024-09-13,125.41,127.89
2024-09-14,124.97,128.34
2024-09-15,124.94,128.76
2024-09-16,124.19,129.19
2024-09-17,121.92,127.82
2024-09-18,120.57,126.91
2024-09-19,119.57,126.38
2024-09-20,120.24,126.35
2024-09-21,121.36,126.51
2024-09-22,121.88,126.8
2024-09-23,122.49,127.2
2024-09-24,122.72,127.28
2024-09-25,122.57,126.82
2024-09-26,122.11,126.17
2024-09-27,121.37,125.39
2024-09-28,120.51,124.35
2024-09-29,119.86,123.2
2024-09-30,119.15,121.97
2024-10-01,117.63,120.95
2024-10-02,116.49,120.69
2024-10-03,115.28,120.55
2024-10-04,114.36,120.92
2024-10-05,113.61,121.66
2024-10-06,112.69,122.42
2024-10-07,111.54,123.11
2024-10-08,111.5,123.87
2024-10-09,111.68,123.65
2024-10-10,111.8,123.04
2024-10-11,111.62,121.71
2024-10-12,111.76,120.29
2024-10-13,112.14,118.88
2024-10-14,112.54,117.44
2024-10-15,112.85,115.54
2024-10-16,112.92,114.37
2024-10-17,113.37,113.85
2024-10-18,114.0,113.78
2024-10-19,114.12,113.43
2024-10-20,114.33,113.29
2024-10-21,114.64,113.44
2024-10-22,115.52,114.34
2024-10-23,116.54,115.4
2024-10-24,117.11,116.05
2024-10-25,117.79,116.55
2024-10-26,118.83,117.36
2024-10-27,119.56,117.91
2024-10-28,119.94,118.0
2024-10-29,119.89,117.93
2024-10-30,119.36,117.28
2024-10-31,118.9,116.82
2024-11-01,117.35,115.94
2024-11-02,115.78,115.41
2024-11-03,114.17,115.12
2024-11-04,112.62,115.23
2024-11-05,110.79,115.04
2024-11-06,109.12,115.15
2024-11-07,107.69,115.41
2024-11-08,107.25,116.06
2024-11-09,107.04,115.78
2024-11-10,106.74,115.17
2024-11-11,106.99,114.35
2024-11-12,106.89,113.03
2024-11-13,107.17,111.78
2024-11-14,107.72,110.51
2024-11-15,108.52,108.97
2024-11-16,108.98,107.97
2024-11-17,109.63,107.21
2024-11-18,109.98,106.53
2024-11-19,110.92,106.8
2024-11-20,111.94,107.28
2024-11-21,112.66,107.56
2024-11-22,113.53,108.26
2024-11-23,114.53,108.81
2024-11-24,115.4,109.26
2024-11-25,116.26,109.52
2024-11-26,119.13,109.19
2024-11-27,120.9,108.17
2024-11-28,125.32,106.76
2024-11-29,126.62,103.03
2024-11-30,126.31,97.8
2024-12-01,124.15,92.43
2024-12-02,121.28,87.53
2024-12-03,114.06,83.55
2024-12-04,107.26,80.55
2024-12-05,98.05,78.54
2024-12-06,94.46,81.02
2024-12-07,92.99,86.66
2024-12-08,93.58,92.54
2024-12-09,95.92,98.05
2024-12-10,100.07,102.2
2024-12-11,104.48,105.5
2024-12-12,109.22,108.68
2024-12-13,111.11,109.27
2024-12-14,112.27,108.04
2024-12-15,113.72,106.86
2024-12-16,114.22,105.7
2024-12-17,115.44,105.63
2024-12-18,116.85,106.03
2024-12-19,117.26,105.4
2024-12-20,117.95,105.12
2024-12-21,118.91,105.2
2024-12-22,119.48,105.11
2024-12-23,120.36,104.95
2024-12-24,120.58,103.51
2024-12-25,120.14,100.13
2024-12-26,119.65,95.2
2024-12-27,118.77,89.16
2024-12-28,117.35,82.39
2024-12-29,116.18,75.46
2024-12-30,114.67,68.85
2024-12-31,113.71,63.63
2025-01-01,112.2,61.23
2025-01-02,111.64,61.54
2025-01-03,110.82,64.49
2025-01-04,110.58,69.59
2025-01-05,109.7,75.0
2025-01-06,108.45,80.3
2025-01-07,106.9,86.18
2025-01-08,106.79,92.49
2025-01-09,107.85,100.34
2025-01-10,108.42,106.36
2025-01-11,108.52,110.71
2025-01-12,109.24,114.9
2025-01-13,110.46,118.98
2025-01-14,111.89,121.76
2025-01-15,113.14,123.08
2025-01-16,113.31,122.28
2025-01-17,114.47,121.63
2025-01-18,115.84,120.94
2025-01-19,117.41,120.46
2025-01-20,118.86,119.97
2025-01-21,119.31,118.51
2025-01-22,119.74,117.13
2025-01-23,119.48,115.81
2025-01-24,118.75,114.57
2025-01-25,117.84,113.48
2025-01-26,116.28,111.99
2025-01-27,114.61,110.57
2025-01-28,114.28,111.04
2025-01-29,113.69,111.43
2025-01-30,113.24,111.79
2025-01-31,113.03,112.26
2025-02-01,112.61,113.05
2025-02-02,112.41,114.29
2025-02-03,112.12,115.62
2025-02-04,111.61,116.69
2025-02-05,111.29,117.87
2025-02-06,111.04,119.18
2025-02-07,110.42,120.42
2025-02-08,109.88,121.25
2025-02-09,110.2,121.73
2025-02-10,110.74,122.08
2025-02-11,110.96,121.66
2025-02-12,111.06,121.05
2025-02-13,111.05,120.04
2025-02-14,111.5,119.01
2025-02-15,112.19,117.66
2025-02-16,112.24,116.48
2025-02-17,112.47,115.34
2025-02-18,112.49,114.04
2025-02-19,112.44,112.66
2025-02-20,112.57,111.49
2025-02-21,112.75,110.3
2025-02-22,112.88,109.64
2025-02-23,112.84,109.11
2025-02-24,112.44,108.63
2025-02-25,112.52,108.87
2025-02-26,112.55,109.15
2025-02-27,112.44,109.59
2025-02-28,112.15,110.27
2025-03-01,111.28,111.23
2025-03-02,110.22,112.38
2025-03-03,109.11,113.54
2025-03-04,107.87,114.79
2025-03-05,106.43,116.01
2025-03-06,105.58,117.89
2025-03-07,104.42,119.51
2025-03-08,103.53,120.36
2025-03-09,103.79,120.95
2025-03-10,103.96,121.18
2025-03-11,104.1,120.91
2025-03-12,104.86,120.96
2025-03-13,105.12,120.15
2025-03-14,105.69,119.28
2025-03-15,106.74,118.71
2025-03-16,107.02,118.03
2025-03-17,107.54,117.67
2025-03-18,108.29,117.61
2025-03-19,108.62,117.19
2025-03-20,109.01,116.87
2025-03-21,109.62,116.64
2025-03-22,109.91,116.35
2025-03-23,110.03,116.04
2025-03-24,110.19,115.64
2025-03-25,110.03,115.05
2025-03-26,110.29,114.88
2025-03-27,110.35,114.6
2025-03-28,109.93,114.2
2025-03-29,109.88,114.1
2025-03-30,109.85,114.04
2025-03-31,109.75,114.1
2025-04-01,109.17,114.38
2025-04-02,108.32,114.84
2025-04-03,108.66,116.8
2025-04-04,109.23,119.06
2025-04-05,108.91,120.53
2025-04-06,108.29,121.83
2025-04-07,107.54,122.92
2025-04-08,107.52,123.88
2025-04-09,108.18,123.93
2025-04-10,107.42,122.1
2025-04-11,106.97,120.09
2025-04-12,107.68,119.12
2025-04-13,108.74,118.26
2025-04-14,110.05,117.55
2025-04-15,111.11,116.57
2025-04-16,111.34,115.98
2025-04-17,111.95,116.02
2025-04-18,112.11,115.76
2025-04-19,111.46,114.35
2025-04-20,110.68,112.98
2025-04-21,109.68,111.48
2025-04-22,108.86,110.31
2025-04-23,108.36,109.4
2025-04-24,107.72,108.46
2025-04-25,107.15,107.85
2025-04-26,107.33,108.66
2025-04-27,107.62,109.46
2025-04-28,107.92,110.38
2025-04-29,108.19,111.03
2025-04-30,108.33,111.53
2025-05-01,107.76,111.77
2025-05-02,107.6,112.74
2025-05-03,107.0,113.28
2025-05-04,106.19,113.87
2025-05-05,105.17,114.06
2025-05-06,104.26,114.81
2025-05-07,103.0,115.53
2025-05-08,102.33,116.11
2025-05-09,102.2,115.99
2025-05-10,102.29,115.62
2025-05-11,102.69,115.17
2025-05-12,103.47,114.94
2025-05-13,104.25,114.35
2025-05-14,105.43,113.72
2025-05-15,107.12,113.41
2025-05-16,107.79,112.86
2025-05-17,108.12,112.11
2025-05-18,108.61,111.62
2025-05-19,109.03,111.4
2025-05-20,109.16,111.12
2025-05-21,109.08,110.76
2025-05-22,108.41,110.24
2025-05-23,108.12,109.86
2025-05-24,107.81,109.71
2025-05-25,107.26,109.25
2025-05-26,106.84,108.6
2025-05-27,104.79,106.05
2025-05-28,103.71,103.43
2025-05-29,103.84,101.14
2025-05-30,104.4,99.15
2025-05-31,105.56,97.77
2025-06-01,105.79,96.73
2025-06-02,105.74,95.92
2025-06-03,109.6,99.25
2025-06-04,111.68,103.01
2025-06-05,112.26,106.46
2025-06-06,111.65,109.57
2025-06-07,110.17,112.04
2025-06-08,109.72,114.25
2025-06-09,109.83,116.1
2025-06-10,107.88,115.55
2025-06-11,106.92,114.74
2025-06-12,106.8,114.18
2025-06-13,107.08,113.78
2025-06-14,107.87,113.27
2025-06-15,108.88,112.92
2025-06-16,109.64,112.86
2025-06-17,110.26,112.88
2025-06-18,110.85,112.88
2025-06-19,111.0,112.54
2025-06-20,111.02,111.5
2025-06-21,110.82,110.37
2025-06-22,110.25,109.03
2025-06-23,109.39,107.42
2025-06-24,108.73,105.92
2025-06-25,107.97,104.27
2025-06-26,107.32,102.76
2025-06-27,107.08,102.3
2025-06-28,107.24,102.53
2025-06-29,107.43,102.95
2025-06-30,107.82,103.64
2025-07-01,107.3,104.48
2025-07-02,107.04,105.99
2025-07-03,106.99,108.0
2025-07-04,106.39,109.7
2025-07-05,106.21,109.17
2025-07-06,106.11,108.22
2025-07-07,105.84,107.26
2025-07-08,106.09,105.89
2025-07-09,107.37,104.11
2025-07-10,108.21,101.55
2025-07-11,109.96,100.47
2025-07-12,111.72,103.28
2025-07-13,112.98,106.44
2025-07-14,114.76,109.74
2025-07-15,118.08,114.08
2025-07-16,119.69,118.11
2025-07-17,121.31,122.45
2025-07-18,121.01,123.84
2025-07-19,119.81,122.95
2025-07-20,119.0,121.95
2025-07-21,117.58,120.5
2025-07-22,114.53,117.84
2025-07-23,111.9,115.23
2025-07-24,109.74,112.75
2025-07-25,109.13,111.69
2025-07-26,108.96,110.86
2025-07-27,108.73,110.06
2025-07-28,108.77,109.66
2025-07-29,109.08,109.75
2025-07-30,109.4,110.24
2025-07-31,109.57,110.72
2025-08-01,108.94,111.07
2025-08-02,107.86,111.66
2025-08-03,106.82,112.54
2025-08-04,105.47,112.96
2025-08-05,104.24,113.55
2025-08-06,103.17,114.05
2025-08-07,102.17,114.42
2025-08-08,101.86,115.06
2025-08-09,102.18,115.14
2025-08-10,102.36,114.71
2025-08-11,102.98,114.56
2025-08-12,103.78,114.32
2025-08-13,104.72,114.33
2025-08-14,105.98,114.89
2025-08-15,107.32,115.11
2025-08-16,108.47,115.88
2025-08-17,109.77,116.97
2025-08-18,111.02,118.05
2025-08-19,111.85,118.74
2025-08-20,111.97,118.46
2025-08-21,111.37,117.22
2025-08-22,110.48,116.11
2025-08-23,109.43,114.71
2025-08-24,108.26,113.33
2025-08-25,107.13,111.98
2025-08-26,106.29,110.88
2025-08-27,106.03,110.6
2025-08-28,106.14,110.89
2025-08-29,106.67,111.38
2025-08-30,107.18,111.82
2025-08-31,107.72,112.06
2025-09-01,107.45,112.25
2025-09-02,105.16,110.68
2025-09-03,102.64,109.0
2025-09-04,100.94,107.35
2025-09-05,99.65,105.48
2025-09-06,98.74,104.19
2025-09-07,97.75,103.07
2025-09-08,97.7,102.16
2025-09-09,102.21,105.14
2025-09-10,106.59,108.0
2025-09-11,109.6,110.66
2025-09-12,112.07,113.23
2025-09-13,113.09,115.21
2025-09-14,113.85,117.06
2025-09-15,114.81,118.85
2025-09-16,112.62,117.87
2025-09-17,110.49,116.66
2025-09-18,108.31,114.95
2025-09-19,106.13,113.31
2025-09-20,104.99,111.62
2025-09-21,104.06,109.88
2025-09-22,102.53,108.04
2025-09-23,101.76,106.95
2025-09-24,101.74,106.71
2025-09-25,102.54,107.14
2025-09-26,103.35,107.7
2025-09-27,104.33,108.54
2025-09-28,105.61,109.54
2025-09-29,106.96,110.39
2025-09-30,108.02,110.98
2025-10-01,107.23,110.56
2025-10-02,106.15,110.18
2025-10-03,105.01,109.94
2025-10-04,103.67,109.7
2025-10-05,102.14,109.44
2025-10-06,100.77,109.52
2025-10-07,99.6,109.83
2025-10-08,99.85,110.7
2025-10-09,100.21,110.82
2025-10-10,100.3,110.35
2025-10-11,100.75,109.83
2025-10-12,101.71,109.41
2025-10-13,102.57,108.65
2025-10-14,103.08,107.57
2025-10-15,103.74,106.41
2025-10-16,104.16,105.69
2025-10-17,104.84,105.48
2025-10-18,104.91,104.93
2025-10-19,104.69,104.35
2025-10-20,104.32,103.77
2025-10-21,103.69,103.15
2025-10-22,103.44,102.88
2025-10-23,103.31,102.7
2025-10-24,103.22,102.62
2025-10-25,103.56,102.72
2025-10-26,103.89,102.74
2025-10-27,104.46,103.03
2025-10-28,105.68,103.82
2025-10-29,105.88,103.97
2025-10-30,106.0,103.98
2025-10-31,105.45,103.42
2025-11-01,102.62,101.16
2025-11-02,101.39,100.81
2025-11-03,99.71,100.3
2025-11-04,97.62,99.69
2025-11-05,96.53,100.07
2025-11-06,95.64,100.76
2025-11-07,95.31,101.85
2025-11-08,97.29,104.73
2025-11-09,98.04,105.55
2025-11-10,98.66,105.98
2025-11-11,99.54,105.97
2025-11-12,99.37,104.73
2025-11-13,99.2,103.21
2025-11-14,99.09,101.57
2025-11-15,99.8,100.33
2025-11-16,99.84,99.0
2025-11-17,99.55,97.56
2025-11-18,99.56,96.77
2025-11-19,100.15,96.88
2025-11-20,100.72,97.08
2025-11-21,101.08,97.15
2025-11-22,101.15,96.99
2025-11-23,101.55,96.86
2025-11-24,102.3,97.17
2025-11-25,102.8,97.09
2025-11-26,105.1,96.48
2025-11-27,106.93,95.42
2025-11-28,109.64,92.56
2025-11-29,110.1,88.12
2025-11-30,110.26,83.56
2025-12-01,108.0,78.97
2025-12-02,105.68,75.17
2025-12-03,99.62,71.93
2025-12-04,94.12,69.96
2025-12-05,89.72,72.14
2025-12-06,89.21,77.44
2025-12-07,88.24,83.1
2025-12-08,90.09,88.87
2025-12-09,91.98,93.22
2025-12-10,95.59,96.92
2025-12-11,99.08,99.61
2025-12-12,100.62,99.91
2025-12-13,100.54,98.6
2025-12-14,101.14,97.02
2025-12-15,101.25,95.13
2025-12-16,101.61,94.13
2025-12-17,102.01,93.45
2025-12-18,102.22,92.83
2025-12-19,102.66,92.43
2025-12-20,103.16,92.08
2025-12-21,103.44,91.63
2025-12-22,104.09,91.66
2025-12-23,105.06,91.58
2025-12-24,106.21,90.96
2025-12-25,107.49,89.12
2025-12-26,107.74,85.21
2025-12-27,107.61,80.01
2025-12-28,107.84,74.95
2025-12-29,106.96,69.59
2025-12-30,105.1,63.96
2025-12-31,103.42,59.07
2026-01-01,100.19,56.38
2026-01-02,97.77,55.97
2026-01-03,95.35,58.11
2026-01-04,91.7,60.38
2026-01-05,88.89,62.92
2026-01-06,87.6,67.01
2026-01-07,86.25,72.08
2026-01-08,86.84,77.53
2026-01-09,89.02,84.59
2026-01-10,91.39,91.02
2026-01-11,94.73,97.4
2026-01-12,98.18,103.26
2026-01-13,100.52,107.74
2026-01-14,102.49,110.67
2026-01-15,104.05,112.05
2026-01-16,104.32,111.45
2026-01-17,104.51,110.18
2026-01-18,104.84,108.81
2026-01-19,105.43,107.75
2026-01-20,105.04,105.77
2026-01-21,104.68,103.84
2026-01-22,104.3,102.17
2026-01-23,103.16,100.34
2026-01-24,102.0,98.77
2026-01-25,100.68,97.29
2026-01-26,98.98,95.65
2026-01-27,98.94,95.77
2026-01-28,98.7,96.09
2026-01-29,98.23,96.27
2026-01-30,98.29,96.81
2026-01-31,98.31,97.31
2026-02-01,97.88,97.76
2026-02-02,97.74,98.71
2026-02-03,97.11,99.33
2026-02-04,96.74,100.19
2026-02-05,96.73,101.41
2026-02-06,97.02,102.99
2026-02-07,97.14,104.84
2026-02-08,97.72,106.75
2026-02-09,98.58,107.82
2026-02-10,99.47,108.65
2026-02-11,100.42,109.23
2026-02-12,101.24,109.59
2026-02-13,101.59,109.31
2026-02-14,101.95,108.45
2026-02-15,102.74,107.39
2026-02-16,103.22,106.8
2026-02-17,103.17,105.61
2026-02-18,103.16,104.48
2026-02-19,103.16,103.34
2026-02-20,103.45,102.47
2026-02-21,104.19,101.96
2026-02-22,104.34,101.54
2026-02-23,104.15,101.06
2026-02-24,104.58,101.39
2026-02-25,104.74,101.64
2026-02-26,104.89,101.97
2026-02-27,104.78,102.28
2026-02-28,104.35,102.6
2026-03-01,103.38,103.04
2026-03-02,102.38,103.71
2026-03-03,101.28,104.51
2026-03-04,100.63,105.95
2026-03-05,100.2,107.74
2026-03-06,99.91,109.7
2026-03-07,99.28,111.64
2026-03-08,99.4,113.49
2026-03-09,100.2,114.66
2026-03-10,101.02,115.57
2026-03-11,101.17,115.4
2026-03-12,101.2,114.8
2026-03-13,101.15,113.93
2026-03-14,101.42,112.9
2026-03-15,101.91,111.74
2026-03-16,102.4,111.34
2026-03-17,101.8,109.94
2026-03-18,101.61,109.04
2026-03-19,101.3,108.07
2026-03-20,100.97,107.06
2026-03-21,100.46,105.72
2026-03-22,99.66,104.5
2026-03-23,98.62,103.18
2026-03-24,98.34,102.42
2026-03-25,98.35,102.07
2026-03-26,98.57,101.95
2026-03-27,98.92,102.04
2026-03-28,99.37,102.52
2026-03-29,99.8,102.86
2026-03-30,100.47,103.36
2026-03-31,101.05,103.99
2026-04-01,100.64,104.22
2026-04-02,100.45,105.15
2026-04-03,100.56,106.57
2026-04-04,100.07,107.45
2026-04-05,99.52,108.46
2026-04-06,98.68,109.32
2026-04-07,97.71,110.12
2026-04-08,97.51,110.93
2026-04-09,97.57,110.47
2026-04-10,96.94,108.95
2026-04-11,97.56,108.35
2026-04-12,98.45,107.88
2026-04-13,99.15,107.1
2026-04-14,100.39,106.69
2026-04-15,101.82,106.31
2026-04-16,102.52,106.3
2026-04-17,103.35,106.68
2026-04-18,103.56,106.52
2026-04-19,103.68,106.13
2026-04-20,103.9,105.92
2026-04-21,103.79,105.42
2026-04-22,103.34,104.9
2026-04-23,102.99,104.43
2026-04-24,102.8,104.04
